{
    "Random Forest": {
        "rmse": 119.05207466749337,
        "mae": 77.81876035406046,
        "r2": 0.4312863890591925,
        "category_accuracy": 0.5
    },
    "XGBoost": {
        "rmse": 124.58664989552976,
        "mae": 80.01168210689838,
        "r2": 0.3771797823064117,
        "category_accuracy": 0.46153846153846156
    }
}